"original_filename","bytes","sha256"
"IMG_20260914_105801.jpg","1764451","989b5393ddb6a8bcc73a3e4332b8405db7c780dc81fa38de2b129ebb498fe10b"
"IMG_20260914_105828.jpg","1762052","e0ea9fdfdda3cdf4660774c8b2ad00fc65f4ba0bd6c3d40aeb64287c784c461a"
"IMG_20260914_105838.jpg","1776078","a7a3495749bec09e853e1286278d9305cc7402ac5dc7cff7efb114e269b9d051"
"IMG_20260914_105855.jpg","1797172","c0d11021184d30759c34e7793015768af96483b6611ddcc12bd4390ee80c5b34"
"IMG_20260914_110309.jpg","2151384","1c3e4f019042cba1db9f30db5162c4f90abe4e99a171c053bb0a09bd2f534315"
"IMG_20260914_110329.jpg","2256866","fa1e9f3482f257d13c9d323bc4279b0c485ebd3fdd63fd43c9bb9b85c79cd174"
"IMG_20260914_110339.jpg","1864795","2f20ab4ade083dd88ec854dfe997df1b21b2b507417dd2ab24aeb8d03e2eabdf"
"IMG_20260914_110355.jpg","2169691","160549480bc1aac06497dea8ef9ad18e3dad9fb38e83abc9fafa0e32a9ce8641"
"IMG_20260914_110409.jpg","1567974","7910f3b11f3a051ae7aa92b877cda3f7e0ff8c6bd8d7259b6e9622d7517a1c7d"
"IMG_20260914_110414.jpg","2133243","a82f0e0516f8334337d3ca7cfe03de5fbba502a05b26dfe08f4d1ab6624f0b2c"
"IMG_20260914_110429.jpg","2083739","8633ba9b714e29a2244224b8ed27a689f9bff699c924277f58bed68a9038cb44"
"IMG_20260914_110456.jpg","1786611","aaafc814cc20fe011e6018821b35a6d91ccfc4b943b9dbc0c79030d431c3072a"
"IMG_20260914_110517.jpg","2220888","2851904803c6aab2b0ef69006ebe9c6736c389bc31bf9bf03610e197cf5dbe2f"
"IMG_20260914_110533.jpg","2081712","5614bd944caff7567856d8f7422591b8aace3f84ba3bba677fbb4ade49956dd9"
"IMG_20260914_110601.jpg","1985153","8f8288170ea609c1e198a5a4e359259693ad4cd92463adb09d66594e8ed5fd53"
"IMG_20260914_110606.jpg","1940754","a634ac0c161a701569246d2724f8fa810d8111a26270a9fe71b95b2694016e39"
"IMG_20260914_110611.jpg","1994113","bca44066c1084f02ed352ea39789f7333dfa86c521aa8037365159aa142c2d1d"
"IMG_20260914_110626.jpg","1357015","2976f6aac4a85fa79e62a53d642fb3397c3d11f38c0e628839122e057c450a99"
"IMG_20260914_110629.jpg","1432954","d0c4ff78fc37de5adcc324add68b40b87c54c20e35b61b9a8250989740de6b55"
"IMG_20260914_110657.jpg","2089973","505cc273ea5007f4c99bd390e5f680e09c127fdaf6753eb6c9a5ef565c484341"
"IMG_20260914_110705.jpg","2155096","ad4e920b11c0c470dad0cb184fede4cd52a94b35165804d9209c24f3603ab3e6"
"IMG_20260914_110819.jpg","1942842","6da3880480beb900c7c278799134241dcda48227435ae1eab7f4ae9db6063830"
"IMG_20260914_110844.jpg","2133305","b8b14c8d1a22306b914d5eea9d9728c98bae7c07deeeb47b6e9052e68e1332b9"
"IMG_20260914_110915.jpg","1996398","835181dc78aed504d3b07ed94ccc0776f699d167c105dd411b98e31914dbfd95"
"IMG_20260914_110935.jpg","1739438","6315050440d075a5f61da7caaf5685da53fbffe7bac2ee2061963a64c77414c3"
"IMG_20260914_110944.jpg","1873900","762a11ba0bd79b1f25042ca351769a919e83b18b3afa7be40f07ae259fa31b0c"
"IMG_20260914_111011.jpg","2200505","62db1237c248d122df0a75864378aaec153ec9887afcc3ac1d52a4dc7cf0fb17"
"IMG_20260914_111017.jpg","2128188","70d272fb2beeda71777b137d64a3f140313a7d55680fe64ed7f0f13502d63794"
"IMG_20260914_111140.jpg","1946165","63b68c43dab52911c1039db4bbc1e1acab0545875869e86c2b88d0120e23c5cd"
"IMG_20260914_111158.jpg","2098014","747df7bc3c45f5de4536f42555b6fc1820ce5104bb9daab4e729bf247d89f6c9"
"IMG_20260914_111214.jpg","2165197","147cfa7ba104a8283603d95fbc95485d6e5ba69d881eb0b9db69dce8b3f28b69"
"IMG_20260914_111220.jpg","1734720","8829bead3226c0797a6be8e84ad10cc859e45ffb759d0f439f57148ac4564ea3"
"IMG_20260916_183212.jpg","1368845","26cbe666abb44911a9657fd0aef377f2ce5982f27db1378fb92f59efede9eb16"
"IMG_20260916_183613.jpg","1925854","429329cdf713c9eb91f6a4ded86dd827a42d42bc43d659fa380331b332443ff5"
"IMG_20260916_183617.jpg","2349399","babb7192166fcb9b3eeb5a2b56a04c9fb295fe3764e25ccbc822680074a1286c"
"IMG_20260916_183623.jpg","1858823","3a99930aca5ebe6f8bff5860e952d7e7bc6455667fb9d27eab556e935faea77d"
"IMG_20260916_183635.jpg","2293375","1f563faad633c970417507588b3cd7b071cf13005b9fbb184d2b21ad9e8639a4"
"IMG_20260916_183645.jpg","1754877","0725cbd8cecf6e8eff6b795fd3817db086d3b69cc4ec3e6adf9e5be9a8acfe19"
"IMG_20260916_183700.jpg","1856815","5f0512cb303be46c89f8cceaeb8a7b4f8899adab4e3b8eb4efa7161d74cdd952"
"IMG_20260916_183707.jpg","1590846","489b4ce53906c374a9e5301032251fb6bef1572e04df3aa55589bffba4172e48"
"IMG_20260916_183730.jpg","1979428","810866ac8119f38bac8e7b8ad6de0eb1aa8d3adb39eaaec3c9985108b7b9bb13"
"IMG_20260916_183828.jpg","1717660","f8f6ede8e0101f0704cd5b43954fda2cac8f6e71490b755d28308bf7b4e3f619"
"IMG_20260916_184027.jpg","1654799","15f7459b09ffe3aaa48958d185d0ddb9b8f6f00d5be6cd0f299f15dfa70081b5"
"IMG_20260916_184214.jpg","1415509","bc13c228033b05add812599af8030562b4543e9d2e2eea48013280b52648c32b"
"IMG_20260916_184220.jpg","1332014","61d22e28b4c72b5ac9b62bea6d98042dcbfdb21626b1d0624452099742d1ece9"
"IMG_20260916_184232.jpg","1268992","9d3fa99318d5981058f35c39a4ffb49947a0a72b35448335d6d2f0bdacf07a01"
"IMG_20260916_184255.jpg","1423829","c1af091c4538c98fd1498f2d379d99def9ef8aacb98906a3c64cd2de1afb6c8a"
"IMG_20260916_184313.jpg","1849023","d4f02486a212482e73e4fc818d3463e4a93c67fa24342ae6150bd6639edf963d"
