"original_filename","canonical_filename","sha256","result"
"IMG_20260914_105801.jpg","SP-001_CA001_ramilla_01.jpg","989b5393ddb6a8bcc73a3e4332b8405db7c780dc81fa38de2b129ebb498fe10b","RENAMED"
"IMG_20260914_105828.jpg","SP-001_CA001_ramilla_02.jpg","e0ea9fdfdda3cdf4660774c8b2ad00fc65f4ba0bd6c3d40aeb64287c784c461a","RENAMED"
"IMG_20260914_105838.jpg","SP-001_CA001_hojas_03.jpg","a7a3495749bec09e853e1286278d9305cc7402ac5dc7cff7efb114e269b9d051","RENAMED"
"IMG_20260914_105855.jpg","SP-001_CA001_ramilla_03.jpg","c0d11021184d30759c34e7793015768af96483b6611ddcc12bd4390ee80c5b34","RENAMED"
"IMG_20260914_110309.jpg","SP-002_LC001_ramilla_02.jpg","1c3e4f019042cba1db9f30db5162c4f90abe4e99a171c053bb0a09bd2f534315","RENAMED"
"IMG_20260914_110329.jpg","SP-002_LC001_ramilla_03.jpg","fa1e9f3482f257d13c9d323bc4279b0c485ebd3fdd63fd43c9bb9b85c79cd174","RENAMED"
"IMG_20260914_110339.jpg","SP-002_LC002_ramilla_01.jpg","2f20ab4ade083dd88ec854dfe997df1b21b2b507417dd2ab24aeb8d03e2eabdf","RENAMED"
"IMG_20260914_110355.jpg","SP-004_PM001_hojas_capitulo_01.jpg","160549480bc1aac06497dea8ef9ad18e3dad9fb38e83abc9fafa0e32a9ce8641","RENAMED"
"IMG_20260914_110409.jpg","SP-004_PM001_hojas_01.jpg","7910f3b11f3a051ae7aa92b877cda3f7e0ff8c6bd8d7259b6e9622d7517a1c7d","RENAMED"
"IMG_20260914_110414.jpg","SP-004_PM001_ramilla_01.jpg","a82f0e0516f8334337d3ca7cfe03de5fbba502a05b26dfe08f4d1ab6624f0b2c","RENAMED"
"IMG_20260914_110429.jpg","SP-002_LC002_ramilla_02.jpg","8633ba9b714e29a2244224b8ed27a689f9bff699c924277f58bed68a9038cb44","RENAMED"
"IMG_20260914_110456.jpg","SP-005_CO001_hojas_03.jpg","aaafc814cc20fe011e6018821b35a6d91ccfc4b943b9dbc0c79030d431c3072a","RENAMED"
"IMG_20260914_110517.jpg","SP-005_CO001_ramilla_01.jpg","2851904803c6aab2b0ef69006ebe9c6736c389bc31bf9bf03610e197cf5dbe2f","RENAMED"
"IMG_20260914_110533.jpg","SP-005_CO001_hojas_04.jpg","5614bd944caff7567856d8f7422591b8aace3f84ba3bba677fbb4ade49956dd9","RENAMED"
"IMG_20260914_110601.jpg","SP-005_CO002_hojas_02.jpg","8f8288170ea609c1e198a5a4e359259693ad4cd92463adb09d66594e8ed5fd53","RENAMED"
"IMG_20260914_110606.jpg","SP-005_CO002_hojas_03.jpg","a634ac0c161a701569246d2724f8fa810d8111a26270a9fe71b95b2694016e39","RENAMED"
"IMG_20260914_110611.jpg","SP-005_CO002_hojas_04.jpg","bca44066c1084f02ed352ea39789f7333dfa86c521aa8037365159aa142c2d1d","RENAMED"
"IMG_20260914_110626.jpg","SP-005_CO003_hojas_01.jpg","2976f6aac4a85fa79e62a53d642fb3397c3d11f38c0e628839122e057c450a99","RENAMED"
"IMG_20260914_110629.jpg","SP-005_CO003_hojas_02.jpg","d0c4ff78fc37de5adcc324add68b40b87c54c20e35b61b9a8250989740de6b55","RENAMED"
"IMG_20260914_110657.jpg","SP-003_KO001_ramilla_01.jpg","505cc273ea5007f4c99bd390e5f680e09c127fdaf6753eb6c9a5ef565c484341","RENAMED"
"IMG_20260914_110705.jpg","SP-003_KO001_ramilla_02.jpg","ad4e920b11c0c470dad0cb184fede4cd52a94b35165804d9209c24f3603ab3e6","RENAMED"
"IMG_20260914_110819.jpg","SP-003_KO001_hojas_02.jpg","6da3880480beb900c7c278799134241dcda48227435ae1eab7f4ae9db6063830","RENAMED"
"IMG_20260914_110844.jpg","SP-003_KO001_hojas_03.jpg","b8b14c8d1a22306b914d5eea9d9728c98bae7c07deeeb47b6e9052e68e1332b9","RENAMED"
"IMG_20260914_110915.jpg","SP-003_KO001_ramilla_03.jpg","835181dc78aed504d3b07ed94ccc0776f699d167c105dd411b98e31914dbfd95","RENAMED"
"IMG_20260914_110935.jpg","SP-002_LC001_hojas_fruto_01.jpg","6315050440d075a5f61da7caaf5685da53fbffe7bac2ee2061963a64c77414c3","RENAMED"
"IMG_20260914_110944.jpg","SP-002_LC001_ramilla_04.jpg","762a11ba0bd79b1f25042ca351769a919e83b18b3afa7be40f07ae259fa31b0c","RENAMED"
"IMG_20260914_111011.jpg","SP-002_LC001_ramilla_05.jpg","62db1237c248d122df0a75864378aaec153ec9887afcc3ac1d52a4dc7cf0fb17","RENAMED"
"IMG_20260914_111017.jpg","SP-002_LC001_ramilla_06.jpg","70d272fb2beeda71777b137d64a3f140313a7d55680fe64ed7f0f13502d63794","RENAMED"
"IMG_20260914_111140.jpg","SP-004_PM002_hojas_02.jpg","63b68c43dab52911c1039db4bbc1e1acab0545875869e86c2b88d0120e23c5cd","RENAMED"
"IMG_20260914_111158.jpg","SP-006_QS001_hojas_03.jpg","747df7bc3c45f5de4536f42555b6fc1820ce5104bb9daab4e729bf247d89f6c9","RENAMED"
"IMG_20260914_111214.jpg","SP-006_QS001_ramilla_02.jpg","147cfa7ba104a8283603d95fbc95485d6e5ba69d881eb0b9db69dce8b3f28b69","RENAMED"
"IMG_20260914_111220.jpg","SP-006_QS001_hojas_04.jpg","8829bead3226c0797a6be8e84ad10cc859e45ffb759d0f439f57148ac4564ea3","RENAMED"
"IMG_20260916_183212.jpg","SP-001_CA002_hojas_02.jpg","26cbe666abb44911a9657fd0aef377f2ce5982f27db1378fb92f59efede9eb16","RENAMED"
"IMG_20260916_183613.jpg","SP-006_QS003_hojas_01.jpg","429329cdf713c9eb91f6a4ded86dd827a42d42bc43d659fa380331b332443ff5","RENAMED"
"IMG_20260916_183617.jpg","SP-006_QS003_ramilla_01.jpg","babb7192166fcb9b3eeb5a2b56a04c9fb295fe3764e25ccbc822680074a1286c","RENAMED"
"IMG_20260916_183623.jpg","SP-006_QS003_ramilla_02.jpg","3a99930aca5ebe6f8bff5860e952d7e7bc6455667fb9d27eab556e935faea77d","RENAMED"
"IMG_20260916_183635.jpg","SP-006_QS003_hojas_02.jpg","1f563faad633c970417507588b3cd7b071cf13005b9fbb184d2b21ad9e8639a4","RENAMED"
"IMG_20260916_183645.jpg","SP-006_QS003_ramilla_03.jpg","0725cbd8cecf6e8eff6b795fd3817db086d3b69cc4ec3e6adf9e5be9a8acfe19","RENAMED"
"IMG_20260916_183700.jpg","SP-002_LC003_ramilla_01.jpg","5f0512cb303be46c89f8cceaeb8a7b4f8899adab4e3b8eb4efa7161d74cdd952","RENAMED"
"IMG_20260916_183707.jpg","SP-002_LC003_hojas_03.jpg","489b4ce53906c374a9e5301032251fb6bef1572e04df3aa55589bffba4172e48","RENAMED"
"IMG_20260916_183730.jpg","SP-002_LC004_ramilla_02.jpg","810866ac8119f38bac8e7b8ad6de0eb1aa8d3adb39eaaec3c9985108b7b9bb13","RENAMED"
"IMG_20260916_183828.jpg","SP-002_LC004_ramilla_03.jpg","f8f6ede8e0101f0704cd5b43954fda2cac8f6e71490b755d28308bf7b4e3f619","RENAMED"
"IMG_20260916_184027.jpg","SP-002_LC005_hojas_01.jpg","15f7459b09ffe3aaa48958d185d0ddb9b8f6f00d5be6cd0f299f15dfa70081b5","RENAMED"
"IMG_20260916_184214.jpg","SP-001_CA002_ramilla_01.jpg","bc13c228033b05add812599af8030562b4543e9d2e2eea48013280b52648c32b","RENAMED"
"IMG_20260916_184220.jpg","SP-001_CA002_hojas_03.jpg","61d22e28b4c72b5ac9b62bea6d98042dcbfdb21626b1d0624452099742d1ece9","RENAMED"
"IMG_20260916_184232.jpg","SP-001_CA002_hojas_04.jpg","9d3fa99318d5981058f35c39a4ffb49947a0a72b35448335d6d2f0bdacf07a01","RENAMED"
"IMG_20260916_184255.jpg","SP-001_CA002_hojas_05.jpg","c1af091c4538c98fd1498f2d379d99def9ef8aacb98906a3c64cd2de1afb6c8a","RENAMED"
"IMG_20260916_184313.jpg","SP-001_CA002_ramilla_02.jpg","d4f02486a212482e73e4fc818d3463e4a93c67fa24342ae6150bd6639edf963d","RENAMED"
